"","num","wtnt","mutnt","freq"
"2981",2981,"a","g",0
"2982",2982,"t","c",0
"2983",2983,"g","a",0
"2984",2984,"c","t",0
"2985",2985,"c","t",0
"2986",2986,"t","c",0
"2987",2987,"c","t",0
"2988",2988,"c","t",0
"2989",2989,"a","g",0
"2990",2990,"a","g",0
"2991",2991,"t","c",0
"2992",2992,"t","c",0
"2993",2993,"a","g",0
"2994",2994,"a","g",0
"2995",2995,"g","a",0.0131578947368421
"2996",2996,"a","g",0
"2997",2997,"g","a",0
"2998",2998,"a","g",0
"2999",2999,"c","t",0
"3000",3000,"a","g",0
"3001",3001,"g","a",0
"3002",3002,"c","t",0
"3003",3003,"c","t",0
"3004",3004,"t","c",0
"3005",3005,"a","g",0
"3006",3006,"g","a",0
"3007",3007,"a","g",0
"3008",3008,"g","a",0
"3009",3009,"g","a",0
"3010",3010,"g","a",0
"3011",3011,"t","c",0
"3012",3012,"g","a",0
"3013",3013,"g","a",0
"3014",3014,"g","a",0
"3015",3015,"t","c",0
"3016",3016,"g","a",0.025974025974026
"3017",3017,"c","t",0
"3018",3018,"t","c",0
"3019",3019,"g","a",0.012987012987013
"3020",3020,"c","t",0
"3021",3021,"c","t",0
"3022",3022,"t","c",0
"3023",3023,"g","a",0
"3024",3024,"g","a",0
"3025",3025,"a","g",0
"3026",3026,"t","c",0
"3027",3027,"a","g",0
"3028",3028,"c","t",0
"3029",3029,"a","g",0
"3030",3030,"g","a",0.012987012987013
"3031",3031,"a","g",0
"3032",3032,"t","c",0
"3033",3033,"a","g",0
"3034",3034,"t","c",0
"3035",3035,"c","t",0
"3036",3036,"t","c",0
"3037",3037,"t","c",0
"3038",3038,"g","a",0
"3039",3039,"g","a",0
"3040",3040,"g","a",0
"3041",3041,"c","t",0
"3042",3042,"c","t",0
"3043",3043,"a","g",0
"3044",3044,"t","c",0
"3045",3045,"t","c",0
"3046",3046,"t","c",0
"3047",3047,"a","g",0
"3048",3048,"a","g",0
"3049",3049,"t","c",0
"3050",3050,"c","t",0
"3051",3051,"c","t",0
"3052",3052,"a","g",0
"3053",3053,"c","t",0
"3054",3054,"t","c",0
"3055",3055,"t","c",0
"3056",3056,"g","a",0
"3057",3057,"a","g",0
"3058",3058,"t","c",0
"3059",3059,"a","g",0
"3060",3060,"a","g",0
"3061",3061,"c","t",0
"3062",3062,"g","a",0
"3063",3063,"g","a",0
"3064",3064,"t","c",0
"3065",3065,"g","a",0
"3066",3066,"a","g",0
"3067",3067,"a","g",0
"3068",3068,"c","t",0
"3069",3069,"c","t",0
"3070",3070,"t","c",0
"3071",3071,"g","a",0
"3072",3072,"t","c",0
"3073",3073,"a","g",0
"3074",3074,"a","g",0
"3075",3075,"a","g",0
"3076",3076,"t","c",0
"3077",3077,"a","g",0
"3078",3078,"a","g",0
"3079",3079,"c","t",0
"3080",3080,"g","a",0
"3081",3081,"c","t",0
"3082",3082,"t","c",0
"3083",3083,"g","a",0
"3084",3084,"a","g",0
"3085",3085,"t","c",0
"3086",3086,"c","t",0
"3087",3087,"g","a",0
"3088",3088,"c","t",0
"3089",3089,"g","a",0
"3090",3090,"c","t",0
"3091",3091,"t","c",0
"3092",3092,"g","a",0
"3093",3093,"c","t",0
"3094",3094,"t","c",0
"3095",3095,"c","t",0
"3096",3096,"a","g",0
"3097",3097,"a","g",0
"3098",3098,"t","c",0
"3099",3099,"t","c",0.051948051948052
"3100",3100,"a","g",0
"3101",3101,"c","t",0
"3102",3102,"a","g",0
"3103",3103,"t","c",0
"3104",3104,"g","a",0
"3105",3105,"a","g",0
"3106",3106,"t","c",0
"3107",3107,"c","t",0
"3108",3108,"a","g",0
"3109",3109,"c","t",0
"3110",3110,"g","a",0
"3111",3111,"c","t",0
"3112",3112,"c","t",0
"3113",3113,"t","c",0
"3114",3114,"a","g",0
"3115",3115,"c","t",0
"3116",3116,"t","c",0
"3117",3117,"c","t",0
"3118",3118,"t","c",0
"3119",3119,"g","a",0
"3120",3120,"a","g",0
"3121",3121,"a","g",0
"3122",3122,"c","t",0
"3123",3123,"t","c",0
"3124",3124,"a","g",0
"3125",3125,"a","g",0
"3126",3126,"t","c",0
"3127",3127,"a","g",0
"3128",3128,"a","g",0
"3129",3129,"a","g",0
"3130",3130,"g","a",0.051948051948052
"3131",3131,"a","g",0
"3132",3132,"g","a",0.012987012987013
"3133",3133,"t","c",0
"3134",3134,"g","a",0
"3135",3135,"g","a",0
"3136",3136,"t","c",0
"3137",3137,"a","g",0
"3138",3138,"a","g",0
"3139",3139,"a","g",0
"3140",3140,"a","g",0
"3141",3141,"a","g",0
"3142",3142,"t","c",0
"3143",3143,"c","t",0
"3144",3144,"c","t",0
"3145",3145,"a","g",0
"3146",3146,"t","c",0
"3147",3147,"a","g",0
"3148",3148,"c","t",0
"3149",3149,"c","t",0
"3150",3150,"t","c",0
"3151",3151,"g","a",0
"3152",3152,"t","c",0
"3153",3153,"a","g",0
"3154",3154,"t","c",0
"3155",3155,"t","c",0
"3156",3156,"t","c",0
"3157",3157,"c","t",0
"3158",3158,"a","g",0
"3159",3159,"a","g",0
"3160",3160,"t","c",0
"3161",3161,"a","g",0
"3162",3162,"a","g",0
"3163",3163,"a","g",0
"3164",3164,"g","a",0
"3165",3165,"c","t",0
"3166",3166,"t","c",0
"3167",3167,"g","a",0
"3168",3168,"a","g",0
"3169",3169,"t","c",0
"3170",3170,"g","a",0
"3171",3171,"a","g",0
"3172",3172,"a","g",0
"3173",3173,"a","g",0
"3174",3174,"a","g",0
"3175",3175,"a","g",0
"3176",3176,"t","c",0
"3177",3177,"t","c",0
"3178",3178,"c","t",0
"3179",3179,"a","g",0
"3180",3180,"t","c",0
"3181",3181,"t","c",0
"3182",3182,"g","a",0
"3183",3183,"a","g",0
"3184",3184,"t","c",0
"3185",3185,"g","a",0
"3186",3186,"a","g",0
"3187",3187,"t","c",0
"3188",3188,"c","t",0.012987012987013
"3189",3189,"t","c",0
"3190",3190,"a","g",0
"3191",3191,"a","g",0
"3192",3192,"a","g",0
"3193",3193,"a","g",0
"3194",3194,"g","a",0
"3195",3195,"a","g",0
"3196",3196,"c","t",0
"3197",3197,"g","a",0
"3198",3198,"a","g",0
"3199",3199,"t","c",0
"3200",3200,"t","c",0
"3201",3201,"g","a",0
"3202",3202,"g","a",0
"3203",3203,"t","c",0
"3204",3204,"c","t",0
"3205",3205,"a","g",0
"3206",3206,"a","g",0
"3207",3207,"t","c",0
"3208",3208,"t","c",0
"3209",3209,"g","a",0
"3210",3210,"g","a",0
"3211",3211,"t","c",0
"3212",3212,"g","a",0
"3213",3213,"g","a",0
"3214",3214,"a","g",0
"3215",3215,"a","g",0
"3216",3216,"t","c",0
"3217",3217,"t","c",0
"3218",3218,"a","g",0
"3219",3219,"t","c",0
"3220",3220,"t","c",0
"3221",3221,"g","a",0
"3222",3222,"g","a",0
"3223",3223,"a","g",0
"3224",3224,"t","c",0
"3225",3225,"c","t",0
"3226",3226,"c","t",0
"3227",3227,"a","g",0
"3228",3228,"g","a",0
"3229",3229,"t","c",0
"3230",3230,"t","c",0
"3231",3231,"t","c",0
"3232",3232,"t","c",0
"3233",3233,"t","c",0
"3234",3234,"t","c",0
"3235",3235,"t","c",0
"3236",3236,"a","g",0
"3237",3237,"a","g",0
"3238",3238,"a","g",0
"3239",3239,"a","g",0
"3240",3240,"t","c",0
"3241",3241,"a","g",0
"3242",3242,"a","g",0
"3243",3243,"a","g",0
"3244",3244,"g","a",0
"3245",3245,"c","t",0
"3246",3246,"g","a",0
"3247",3247,"c","t",0
"3248",3248,"g","a",0
"3249",3249,"c","t",0
"3250",3250,"c","t",0
"3251",3251,"g","a",0
"3252",3252,"t","c",0
"3253",3253,"g","a",0
"3254",3254,"g","a",0
"3255",3255,"c","t",0
"3256",3256,"t","c",0
"3257",3257,"c","t",0
"3258",3258,"c","t",0
"3259",3259,"t","c",0
"3260",3260,"g","a",0
"3261",3261,"c","t",0
"3262",3262,"t","c",0
"3263",3263,"c","t",0.012987012987013
"3264",3264,"t","c",0
"3265",3265,"g","a",0.012987012987013
"3266",3266,"g","a",0.012987012987013
"3267",3267,"g","a",0
"3268",3268,"a","g",0
"3269",3269,"a","g",0
"3270",3270,"a","g",0
"3271",3271,"t","c",0
"3272",3272,"a","g",0
"3273",3273,"a","g",0
"3274",3274,"a","g",0
"3275",3275,"g","a",0
"3276",3276,"a","g",0
"3277",3277,"g","a",0
"3278",3278,"a","g",0
"3279",3279,"g","a",0
"3280",3280,"a","g",0
"3281",3281,"g","a",0
"3282",3282,"c","t",0
"3283",3283,"c","t",0
"3284",3284,"c","t",0
"3285",3285,"a","g",0
"3286",3286,"a","g",0.012987012987013
"3287",3287,"a","g",0
"3288",3288,"a","g",0
"3289",3289,"a","g",0
"3290",3290,"a","g",0
"3291",3291,"g","a",0
"3292",3292,"a","g",0
"3293",3293,"c","t",0
"3294",3294,"a","g",0
"3295",3295,"c","t",0
"3296",3296,"t","c",0
"3297",3297,"t","c",0
"3298",3298,"t","c",0
"3299",3299,"t","c",0
"3300",3300,"a","g",0
"3301",3301,"c","t",0
"3302",3302,"t","c",0
"3303",3303,"t","c",0
"3304",3304,"t","c",0
"3305",3305,"g","a",0
"3306",3306,"c","t",0
"3307",3307,"t","c",0
"3308",3308,"a","g",0
"3309",3309,"a","g",0
"3310",3310,"c","t",0
"3311",3311,"t","c",0
"3312",3312,"c","t",0
"3313",3313,"a","g",0
"3314",3314,"a","g",0.012987012987013
"3315",3315,"a","g",0
"3316",3316,"t","c",0
"3317",3317,"a","g",0
"3318",3318,"a","g",0
"3319",3319,"a","g",0
"3320",3320,"g","a",0
"3321",3321,"g","a",0
"3322",3322,"t","c",0
"3323",3323,"g","a",0
"3324",3324,"c","t",0
"3325",3325,"a","g",0
"3326",3326,"a","g",0
"3327",3327,"a","g",0
"3328",3328,"a","g",0
"3329",3329,"a","g",0
"3330",3330,"a","g",0
"3331",3331,"a","g",0
"3332",3332,"a","g",0
"3333",3333,"c","t",0
"3334",3334,"a","g",0
"3335",3335,"a","g",0
"3336",3336,"a","g",0
"3337",3337,"a","g",0
"3338",3338,"a","g",0
"3339",3339,"a","g",0
"3340",3340,"a","g",0
"3341",3341,"a","g",0
"3342",3342,"g","a",0
"3343",3343,"t","c",0.025974025974026
"3344",3344,"g","a",0
"3345",3345,"a","g",0
"3346",3346,"a","g",0
"3347",3347,"c","t",0
"3348",3348,"c","t",0
"3349",3349,"t","c",0
"3350",3350,"a","g",0
"3351",3351,"a","g",0
"3352",3352,"a","g",0
"3353",3353,"c","t",0
"3354",3354,"c","t",0
"3355",3355,"a","g",0
"3356",3356,"g","a",0
"3357",3357,"g","a",0
"3358",3358,"a","g",0
"3359",3359,"a","g",0
"3360",3360,"c","t",0
"3361",3361,"c","t",0
"3362",3362,"t","c",0
"3363",3363,"c","t",0
"3364",3364,"a","g",0
"3365",3365,"a","g",0
"3366",3366,"a","g",0
"3367",3367,"a","g",0
"3368",3368,"a","g",0
"3369",3369,"t","c",0
"3370",3370,"g","a",0
"3371",3371,"t","c",0
"3372",3372,"c","t",0
"3373",3373,"t","c",0
"3374",3374,"g","a",0
"3375",3375,"a","g",0
"3376",3376,"c","t",0
"3377",3377,"a","g",0
"3378",3378,"c","t",0
"3379",3379,"t","c",0
"3380",3380,"g","a",0
"3381",3381,"a","g",0
"3382",3382,"c","t",0.012987012987013
"3383",3383,"a","g",0
"3384",3384,"t","c",0
"3385",3385,"t","c",0
"3386",3386,"c","t",0
"3387",3387,"a","g",0
"3388",3388,"a","g",0
"3389",3389,"g","a",0.012987012987013
"3390",3390,"a","g",0
"3391",3391,"c","t",0
"3392",3392,"c","t",0
"3393",3393,"a","g",0
"3394",3394,"a","g",0.025974025974026
"3395",3395,"c","t",0
"3396",3396,"a","g",0
"3397",3397,"a","g",0
"3398",3398,"c","t",0
"3399",3399,"c","t",0
"3400",3400,"t","c",0
"3401",3401,"g","a",0
"3402",3402,"a","g",0
"3403",3403,"t","c",0.012987012987013
"3404",3404,"a","g",0
"3405",3405,"c","t",0
"3406",3406,"t","c",0
"3407",3407,"g","a",0
"3408",3408,"t","c",0
"3409",3409,"g","a",0.025974025974026
"3410",3410,"g","a",0
"3411",3411,"a","g",0
"3412",3412,"c","t",0
"3413",3413,"g","a",0
"3414",3414,"c","t",0
"3415",3415,"a","g",0
"3416",3416,"c","t",0
"3417",3417,"c","t",0
"3418",3418,"a","g",0
"3419",3419,"c","t",0
"3420",3420,"a","g",0
"3421",3421,"a","g",0.233766233766234
"3422",3422,"a","g",0
"3423",3423,"a","g",0
"3424",3424,"c","t",0
"3425",3425,"a","g",0
"3426",3426,"c","t",0
"3427",3427,"c","t",0
"3428",3428,"t","c",0
"3429",3429,"c","t",0
"3430",3430,"a","g",0
"3431",3431,"g","a",0
"3432",3432,"g","a",0
"3433",3433,"g","a",0
"3434",3434,"g","a",0
"3435",3435,"g","a",0
"3436",3436,"a","g",0.012987012987013
"3437",3437,"g","a",0
"3438",3438,"g","a",0
"3439",3439,"a","g",0
"3440",3440,"a","g",0
"3441",3441,"c","t",0
"3442",3442,"a","g",0
"3443",3443,"g","a",0
"3444",3444,"g","a",0
"3445",3445,"a","g",0
"3446",3446,"a","g",0
"3447",3447,"g","a",0
"3448",3448,"t","c",0
"3449",3449,"a","g",0
"3450",3450,"t","c",0
"3451",3451,"t","c",0
"3452",3452,"g","a",0
"3453",3453,"g","a",0
"3454",3454,"a","g",0
"3455",3455,"g","a",0
"3456",3456,"g","a",0
"3457",3457,"a","g",0
"3458",3458,"g","a",0
"3459",3459,"g","a",0
"3460",3460,"a","g",0
"3461",3461,"a","g",0
"3462",3462,"a","g",0
"3463",3463,"a","g",0
"3464",3464,"g","a",0
"3465",3465,"g","a",0
"3466",3466,"a","g",0
"3467",3467,"t","c",0
"3468",3468,"c","t",0
"3469",3469,"t","c",0
"3470",3470,"g","a",0
"3471",3471,"g","a",0
"3472",3472,"t","c",0
"3473",3473,"g","a",0
"3474",3474,"t","c",0
"3475",3475,"g","a",0
"3476",3476,"g","a",0
"3477",3477,"g","a",0
"3478",3478,"g","a",0
"3479",3479,"a","g",0
"3480",3480,"t","c",0
"3481",3481,"t","c",0
"3482",3482,"t","c",0
"3483",3483,"c","t",0
"3484",3484,"c","t",0
"3485",3485,"a","g",0
"3486",3486,"c","t",0
"3487",3487,"t","c",0
"3488",3488,"g","a",0
"3489",3489,"g","a",0
"3490",3490,"a","g",0
"3491",3491,"g","a",0
"3492",3492,"g","a",0
"3493",3493,"g","a",0
"3494",3494,"t","c",0
"3495",3495,"g","a",0
"3496",3496,"g","a",0
"3497",3497,"g","a",0
"3498",3498,"t","c",0
"3499",3499,"c","t",0
"3500",3500,"g","a",0
"3501",3501,"g","a",0
"3502",3502,"a","g",0
"3503",3503,"g","a",0
"3504",3504,"g","a",0
"3505",3505,"t","c",0
"3506",3506,"t","c",0
"3507",3507,"c","t",0
"3508",3508,"t","c",0
"3509",3509,"c","t",0
"3510",3510,"a","g",0
"3511",3511,"c","t",0
"3512",3512,"t","c",0
"3513",3513,"t","c",0
"3514",3514,"t","c",0
"3515",3515,"t","c",0
"3516",3516,"c","t",0
"3517",3517,"a","g",0
"3518",3518,"g","a",0
"3519",3519,"a","g",0
"3520",3520,"c","t",0
"3521",3521,"a","g",0
"3522",3522,"a","g",0
"3523",3523,"a","g",0
"3524",3524,"t","c",0
"3525",3525,"a","g",0
"3526",3526,"t","c",0
"3527",3527,"g","a",0
"3528",3528,"t","c",0
"3529",3529,"g","a",0.038961038961039
"3530",3530,"g","a",0.012987012987013
"3531",3531,"t","c",0
"3532",3532,"t","c",0.012987012987013
"3533",3533,"a","g",0
"3534",3534,"c","t",0
"3535",3535,"t","c",0
"3536",3536,"a","g",0
"3537",3537,"a","g",0
"3538",3538,"a","g",0
"3539",3539,"a","g",0
"3540",3540,"a","g",0
"3541",3541,"c","t",0
"3542",3542,"a","g",0
"3543",3543,"c","t",0
"3544",3544,"a","g",0
"3545",3545,"a","g",0
"3546",3546,"g","a",0
"3547",3547,"a","g",0
"3548",3548,"c","t",0
"3549",3549,"a","g",0
"3550",3550,"a","g",0
"3551",3551,"t","c",0
"3552",3552,"t","c",0
"3553",3553,"t","c",0
"3554",3554,"a","g",0
"3555",3555,"t","c",0
"3556",3556,"a","g",0
"3557",3557,"a","g",0
"3558",3558,"c","t",0
"3559",3559,"c","t",0
"3560",3560,"a","g",0
"3561",3561,"c","t",0
"3562",3562,"a","g",0
"3563",3563,"a","g",0
"3564",3564,"t","c",0
"3565",3565,"t","c",0
"3566",3566,"c","t",0
"3567",3567,"a","g",0
"3568",3568,"g","a",0.116883116883117
"3569",3569,"a","g",0
"3570",3570,"a","g",0
"3571",3571,"t","c",0
"3572",3572,"g","a",0
"3573",3573,"g","a",0
"3574",3574,"t","c",0
"3575",3575,"c","t",0
"3576",3576,"a","g",0
"3577",3577,"c","t",0
"3578",3578,"c","t",0
"3579",3579,"t","c",0
"3580",3580,"c","t",0
"3581",3581,"t","c",0
"3582",3582,"a","g",0
"3583",3583,"c","t",0
"3584",3584,"a","g",0
"3585",3585,"a","g",0
"3586",3586,"a","g",0
"3587",3587,"a","g",0
"3588",3588,"c","t",0
"3589",3589,"a","g",0
"3590",3590,"g","a",0
"3591",3591,"a","g",0
"3592",3592,"g","a",0
"3593",3593,"g","a",0
"3594",3594,"c","t",0
"3595",3595,"c","t",0
"3596",3596,"a","g",0
"3597",3597,"t","c",0
"3598",3598,"t","c",0
"3599",3599,"g","a",0
"3600",3600,"a","g",0
"3601",3601,"a","g",0.012987012987013
"3602",3602,"a","g",0
"3603",3603,"c","t",0
"3604",3604,"a","g",0
"3605",3605,"a","g",0
"3606",3606,"c","t",0
"3607",3607,"a","g",0
"3608",3608,"a","g",0
"3609",3609,"a","g",0
"3610",3610,"c","t",0
"3611",3611,"c","t",0
"3612",3612,"a","g",0
"3613",3613,"a","g",0
"3614",3614,"a","g",0
"3615",3615,"g","a",0
"3616",3616,"t","c",0
"3617",3617,"g","a",0
"3618",3618,"g","a",0
"3619",3619,"a","g",0
"3620",3620,"a","g",0
"3621",3621,"a","g",0
"3622",3622,"a","g",0
"3623",3623,"t","c",0
"3624",3624,"c","t",0
"3625",3625,"a","g",0
"3626",3626,"c","t",0
"3627",3627,"a","g",0
"3628",3628,"g","a",0
"3629",3629,"c","t",0
"3630",3630,"g","a",0
"3631",3631,"c","t",0
"3632",3632,"t","c",0
"3633",3633,"g","a",0
"3634",3634,"c","t",0
"3635",3635,"g","a",0
"3636",3636,"t","c",0
"3637",3637,"c","t",0
"3638",3638,"a","g",0
"3639",3639,"c","t",0
"3640",3640,"a","g",0
"3641",3641,"a","g",0
"3642",3642,"c","t",0
"3643",3643,"t","c",0
"3644",3644,"c","t",0
"3645",3645,"c","t",0
"3646",3646,"a","g",0
"3647",3647,"t","c",0
"3648",3648,"g","a",0
"3649",3649,"g","a",0
"3650",3650,"a","g",0
"3651",3651,"c","t",0
"3652",3652,"a","g",0
"3653",3653,"t","c",0
"3654",3654,"a","g",0
"3655",3655,"c","t",0
"3656",3656,"t","c",0
"3657",3657,"t","c",0
"3658",3658,"t","c",0
"3659",3659,"a","g",0
"3660",3660,"a","g",0
"3661",3661,"c","t",0
"3662",3662,"t","c",0
"3663",3663,"t","c",0
"3664",3664,"t","c",0
"3665",3665,"a","g",0
"3666",3666,"a","g",0
"3667",3667,"t","c",0
"3668",3668,"c","t",0
"3669",3669,"a","g",0
"3670",3670,"a","g",0.025974025974026
"3671",3671,"t","c",0
"3672",3672,"a","g",0
"3673",3673,"c","t",0
"3674",3674,"a","g",0
"3675",3675,"g","a",0
"3676",3676,"c","t",0
"3677",3677,"t","c",0
"3678",3678,"g","a",0
"3679",3679,"t","c",0
"3680",3680,"c","t",0
"3681",3681,"a","g",0
"3682",3682,"c","t",0
"3683",3683,"t","c",0
"3684",3684,"t","c",0
"3685",3685,"c","t",0.012987012987013
"3686",3686,"t","c",0
"3687",3687,"c","t",0
"3688",3688,"a","g",0
"3689",3689,"c","t",0
"3690",3690,"c","t",0
"3691",3691,"a","g",0
"3692",3692,"c","t",0
"3693",3693,"a","g",0
"3694",3694,"g","a",0.168831168831169
"3695",3695,"g","a",0
"3696",3696,"a","g",0
"3697",3697,"t","c",0
"3698",3698,"t","c",0
"3699",3699,"g","a",0
"3700",3700,"g","a",0
"3701",3701,"c","t",0
"3702",3702,"a","g",0
"3703",3703,"g","a",0
"3704",3704,"c","t",0
"3705",3705,"g","a",0
"3706",3706,"c","t",0
"3707",3707,"c","t",0
"3708",3708,"t","c",0
"3709",3709,"t","c",0
"3710",3710,"a","g",0
"3711",3711,"c","t",0
"3712",3712,"a","g",0
"3713",3713,"a","g",0
"3714",3714,"a","g",0
"3715",3715,"t","c",0
"3716",3716,"g","a",0
"3717",3717,"a","g",0
"3718",3718,"a","g",0
"3719",3719,"t","c",0
"3720",3720,"a","g",0
"3721",3721,"t","c",0
"3722",3722,"a","g",0
"3723",3723,"a","g",0
"3724",3724,"g","a",0.012987012987013
"3725",3725,"c","t",0
"3726",3726,"g","a",0
"3727",3727,"c","t",0
"3728",3728,"t","c",0
"3729",3729,"t","c",0
"3730",3730,"c","t",0
"3731",3731,"a","g",0
"3732",3732,"g","a",0
"3733",3733,"a","g",0
"3734",3734,"c","t",0
"3735",3735,"c","t",0
"3736",3736,"t","c",0
"3737",3737,"a","g",0
"3738",3738,"a","g",0
"3739",3739,"a","g",0
"3740",3740,"g","a",0
"3741",3741,"c","t",0
"3742",3742,"a","g",0
"3743",3743,"a","g",0
"3744",3744,"t","c",0
"3745",3745,"g","a",0
"3746",3746,"c","t",0
"3747",3747,"a","g",0
"3748",3748,"a","g",0
"3749",3749,"g","a",0
"3750",3750,"t","c",0
"3751",3751,"a","g",0.012987012987013
"3752",3752,"a","g",0
"3753",3753,"a","g",0
"3754",3754,"g","a",0.051948051948052
"3755",3755,"a","g",0
"3756",3756,"t","c",0
"3757",3757,"t","c",0
"3758",3758,"t","c",0
"3759",3759,"a","g",0
"3760",3760,"c","t",0
"3761",3761,"a","g",0
"3762",3762,"a","g",0
"3763",3763,"c","t",0
"3764",3764,"t","c",0
"3765",3765,"t","c",0
"3766",3766,"g","a",0.038961038961039
"3767",3767,"c","t",0
"3768",3768,"a","g",0
"3769",3769,"a","g",0
"3770",3770,"a","g",0
"3771",3771,"t","c",0
"3772",3772,"a","g",0
"3773",3773,"a","g",0
"3774",3774,"a","g",0
"3775",3775,"a","g",0
"3776",3776,"c","t",0
"3777",3777,"a","g",0
"3778",3778,"a","g",0
"3779",3779,"a","g",0
"3780",3780,"t","c",0
"3781",3781,"a","g",0
"3782",3782,"c","t",0
"3783",3783,"t","c",0
"3784",3784,"t","c",0
"3785",3785,"t","c",0
"3786",3786,"c","t",0
"3787",3787,"a","g",0
"3788",3788,"a","g",0
"3789",3789,"a","g",0
"3790",3790,"t","c",0
"3791",3791,"g","a",0
"3792",3792,"g","a",0
"3793",3793,"t","c",0
"3794",3794,"g","a",0
"3795",3795,"c","t",0
"3796",3796,"t","c",0
"3797",3797,"g","a",0
"3798",3798,"a","g",0
"3799",3799,"c","t",0
"3800",3800,"a","g",0
"3801",3801,"c","t",0
"3802",3802,"a","g",0
"3803",3803,"a","g",0
"3804",3804,"c","t",0
"3805",3805,"a","g",0
"3806",3806,"t","c",0
"3807",3807,"a","g",0
"3808",3808,"c","t",0
"3809",3809,"a","g",0
"3810",3810,"a","g",0
"3811",3811,"c","t",0
"3812",3812,"a","g",0
"3813",3813,"a","g",0
"3814",3814,"t","c",0
"3815",3815,"g","a",0
"3816",3816,"a","g",0
"3817",3817,"c","t",0
"3818",3818,"c","t",0
"3819",3819,"t","c",0
"3820",3820,"c","t",0
"3821",3821,"a","g",0
"3822",3822,"c","t",0
"3823",3823,"a","g",0
"3824",3824,"g","a",0
"3825",3825,"c","t",0
"3826",3826,"t","c",0
"3827",3827,"g","a",0
"3828",3828,"g","a",0
"3829",3829,"c","t",0
"3830",3830,"g","a",0.012987012987013
"3831",3831,"t","c",0
"3832",3832,"t","c",0
"3833",3833,"c","t",0
"3834",3834,"a","g",0
"3835",3835,"c","t",0
"3836",3836,"a","g",0
"3837",3837,"t","c",0
"3838",3838,"c","t",0
"3839",3839,"t","c",0
"3840",3840,"t","c",0
"3841",3841,"t","c",0
"3842",3842,"t","c",0
"3843",3843,"g","a",0
"3844",3844,"t","c",0
"3845",3845,"g","a",0
"3846",3846,"a","g",0
"3847",3847,"t","c",0
"3848",3848,"g","a",0
"3849",3849,"g","a",0
"3850",3850,"a","g",0
"3851",3851,"g","a",0
"3852",3852,"a","g",0
"3853",3853,"g","a",0
"3854",3854,"c","t",0
"3855",3855,"a","g",0
"3856",3856,"t","c",0
"3857",3857,"g","a",0
"3858",3858,"c","t",0
"3859",3859,"t","c",0
"3860",3860,"t","c",0
"3861",3861,"a","g",0
"3862",3862,"c","t",0.155844155844156
"3863",3863,"c","t",0
"3864",3864,"c","t",0
"3865",3865,"a","g",0
"3866",3866,"a","g",0
"3867",3867,"a","g",0
"3868",3868,"t","c",0
"3869",3869,"g","a",0
"3870",3870,"c","t",0
"3871",3871,"a","g",0
"3872",3872,"t","c",0
"3873",3873,"c","t",0
"3874",3874,"t","c",0
"3875",3875,"c","t",0
"3876",3876,"a","g",0
"3877",3877,"t","c",0
"3878",3878,"c","t",0
"3879",3879,"c","t",0
"3880",3880,"a","g",0
"3881",3881,"t","c",0
"3882",3882,"g","a",0
"3883",3883,"g","a",0
"3884",3884,"g","a",0
"3885",3885,"a","g",0
"3886",3886,"t","c",0
"3887",3887,"g","a",0
"3888",3888,"a","g",0
"3889",3889,"g","a",0.038961038961039
"3890",3890,"g","a",0
"3891",3891,"a","g",0
"3892",3892,"c","t",0
"3893",3893,"g","a",0
"3894",3894,"t","c",0
"3895",3895,"c","t",0
"3896",3896,"a","g",0
"3897",3897,"t","c",0
"3898",3898,"g","a",0
"3899",3899,"c","t",0
"3900",3900,"c","t",0
"3901",3901,"t","c",0
"3902",3902,"g","a",0
"3903",3903,"a","g",0
"3904",3904,"t","c",0
"3905",3905,"c","t",0
"3906",3906,"t","c",0
"3907",3907,"t","c",0
"3908",3908,"c","t",0
"3909",3909,"c","t",0
"3910",3910,"a","g",0
"3911",3911,"t","c",0
"3912",3912,"a","g",0
"3913",3913,"c","t",0
"3914",3914,"a","g",0
"3915",3915,"a","g",0
"3916",3916,"g","a",0
"3917",3917,"a","g",0
"3918",3918,"c","t",0
"3919",3919,"c","t",0
"3920",3920,"t","c",0
"3921",3921,"g","a",0
"3922",3922,"g","a",0
"3923",3923,"a","g",0
"3924",3924,"a","g",0
"3925",3925,"a","g",0
"3926",3926,"c","t",0
"3927",3927,"t","c",0
"3928",3928,"t","c",0
"3929",3929,"t","c",0
"3930",3930,"t","c",0
"3931",3931,"t","c",0
"3932",3932,"c","t",0
"3933",3933,"a","g",0
"3934",3934,"a","g",0
"3935",3935,"t","c",0
"3936",3936,"a","g",0
"3937",3937,"t","c",0
"3938",3938,"g","a",0
"3939",3939,"g","a",0
"3940",3940,"a","g",0
"3941",3941,"t","c",0
"3942",3942,"a","g",0
"3943",3943,"t","c",0
"3944",3944,"a","g",0
"3945",3945,"t","c",0
"3946",3946,"t","c",0
"3947",3947,"c","t",0
"3948",3948,"c","t",0
"3949",3949,"t","c",0
"3950",3950,"a","g",0
"3951",3951,"t","c",0
"3952",3952,"t","c",0
"3953",3953,"g","a",0
"3954",3954,"a","g",0
"3955",3955,"a","g",0
"3956",3956,"a","g",0
"3957",3957,"a","g",0.012987012987013
"3958",3958,"t","c",0
"3959",3959,"g","a",0
"3960",3960,"a","g",0
"3961",3961,"a","g",0
"3962",3962,"c","t",0
"3963",3963,"t","c",0
"3964",3964,"c","t",0
"3965",3965,"g","a",0
"3966",3966,"c","t",0
"3967",3967,"a","g",0
"3968",3968,"g","a",0
"3969",3969,"a","g",0
"3970",3970,"t","c",0
"3971",3971,"c","t",0
"3972",3972,"t","c",0
"3973",3973,"t","c",0
"3974",3974,"g","a",0
"3975",3975,"a","g",0
"3976",3976,"t","c",0
"3977",3977,"g","a",0
"3978",3978,"g","a",0
"3979",3979,"a","g",0
"3980",3980,"a","g",0
"3981",3981,"a","g",0
"3982",3982,"t","c",0
"3983",3983,"g","a",0.025974025974026
"3984",3984,"c","t",0
"3985",3985,"a","g",0
"3986",3986,"g","a",0
"3987",3987,"c","t",0
"3988",3988,"t","c",0
"3989",3989,"g","a",0
"3990",3990,"g","a",0
"3991",3991,"a","g",0
"3992",3992,"g","a",0
"3993",3993,"g","a",0
"3994",3994,"c","t",0
"3995",3995,"a","g",0
"3996",3996,"a","g",0
"3997",3997,"t","c",0
"3998",3998,"g","a",0
"3999",3999,"c","t",0
"4000",4000,"t","c",0
"4001",4001,"a","g",0
"4002",4002,"c","t",0
"4003",4003,"a","g",0
"4004",4004,"g","a",0
"4005",4005,"a","g",0
"4006",4006,"a","g",0
"4007",4007,"a","g",0
"4008",4008,"a","g",0
"4009",4009,"a","g",0
"4010",4010,"g","a",0
"4011",4011,"c","t",0
"4012",4012,"a","g",0
"4013",4013,"c","t",0
"4014",4014,"t","c",0
"4015",4015,"t","c",0
"4016",4016,"c","t",0
"4017",4017,"t","c",0
"4018",4018,"g","a",0
"4019",4019,"t","c",0
"4020",4020,"a","g",0
"4021",4021,"t","c",0
"4022",4022,"c","t",0
"4023",4023,"a","g",0
"4024",4024,"g","a",0.038961038961039
"4025",4025,"a","g",0
"4026",4026,"t","c",0
"4027",4027,"g","a",0
"4028",4028,"c","t",0
"4029",4029,"c","t",0
"4030",4030,"t","c",0
"4031",4031,"t","c",0
"4032",4032,"t","c",0
"4033",4033,"t","c",0
"4034",4034,"t","c",0
"4035",4035,"t","c",0
"4036",4036,"t","c",0
"4037",4037,"c","t",0
"4038",4038,"t","c",0
"4039",4039,"a","g",0
"4040",4040,"c","t",0
"4041",4041,"t","c",0
"4042",4042,"t","c",0
"4043",4043,"g","a",0
"4044",4044,"a","g",0
"4045",4045,"a","g",0
"4046",4046,"a","g",0
"4047",4047,"a","g",0
"4048",4048,"c","t",0
"4049",4049,"a","g",0
"4050",4050,"g","a",0
"4051",4051,"t","c",0
"4052",4052,"g","a",0
"4053",4053,"a","g",0
"4054",4054,"c","t",0
"4055",4055,"c","t",0
"4056",4056,"a","g",0
"4057",4057,"c","t",0
"4058",4058,"c","t",0
"4059",4059,"a","g",0
"4060",4060,"a","g",0
"4061",4061,"g","a",0
"4062",4062,"t","c",0
"4063",4063,"a","g",0
"4064",4064,"c","t",0
"4065",4065,"t","c",0
"4066",4066,"t","c",0
"4067",4067,"a","g",0
"4068",4068,"g","a",0
"4069",4069,"a","g",0
"4070",4070,"a","g",0
"4071",4071,"c","t",0
"4072",4072,"t","c",0
"4073",4073,"g","a",0
"4074",4074,"g","a",0
"4075",4075,"t","c",0
"4076",4076,"g","a",0
"4077",4077,"a","g",0
"4078",4078,"g","a",0.025974025974026
"4079",4079,"a","g",0
"4080",4080,"g","a",0
"4081",4081,"c","t",0
"4082",4082,"a","g",0
"4083",4083,"c","t",0
"4084",4084,"t","c",0
"4085",4085,"g","a",0
"4086",4086,"a","g",0
"4087",4087,"a","g",0
"4088",4088,"t","c",0
"4089",4089,"t","c",0
"4090",4090,"t","c",0
"4091",4091,"a","g",0
"4092",4092,"c","t",0
"4093",4093,"t","c",0
"4094",4094,"t","c",0
"4095",4095,"t","c",0
"4096",4096,"t","c",0
"4097",4097,"a","g",0
"4098",4098,"a","g",0
"4099",4099,"c","t",0
"4100",4100,"t","c",0
"4101",4101,"t","c",0
"4102",4102,"t","c",0.012987012987013
"4103",4103,"g","a",0
"4104",4104,"a","g",0
"4105",4105,"c","t",0
"4106",4106,"t","c",0
"4107",4107,"g","a",0
"4108",4108,"t","c",0
"4109",4109,"g","a",0
"4110",4110,"a","g",0
"4111",4111,"a","g",0
"4112",4112,"t","c",0
"4113",4113,"g","a",0
"4114",4114,"g","a",0
"4115",4115,"g","a",0
"4116",4116,"t","c",0
"4117",4117,"t","c",0
"4118",4118,"a","g",0
"4119",4119,"a","g",0
"4120",4120,"c","t",0.0909090909090909
"4121",4121,"a","g",0
"4122",4122,"a","g",0
"4123",4123,"t","c",0.012987012987013
"4124",4124,"g","a",0
"4125",4125,"a","g",0
"4126",4126,"a","g",0
"4127",4127,"a","g",0.012987012987013
"4128",4128,"g","a",0
"4129",4129,"a","g",0
"4130",4130,"g","a",0
"4131",4131,"c","t",0
"4132",4132,"a","g",0
"4133",4133,"t","c",0
"4134",4134,"a","g",0
"4135",4135,"c","t",0
"4136",4136,"a","g",0
"4137",4137,"t","c",0
"4138",4138,"t","c",0
"4139",4139,"c","t",0
"4140",4140,"c","t",0
"4141",4141,"t","c",0
"4142",4142,"c","t",0
"4143",4143,"c","t",0
"4144",4144,"t","c",0
"4145",4145,"g","a",0
"4146",4146,"g","a",0
"4147",4147,"a","g",0
"4148",4148,"c","t",0.0909090909090909
"4149",4149,"t","c",0
"4150",4150,"a","g",0.0649350649350649
"4151",4151,"a","g",0
"4152",4152,"t","c",0
"4153",4153,"g","a",0
"4154",4154,"t","c",0
"4155",4155,"t","c",0
"4156",4156,"t","c",0.0649350649350649
"4157",4157,"a","g",0
"4158",4158,"a","g",0
"4159",4159,"t","c",0
"4160",4160,"c","t",0
"4161",4161,"c","t",0
"4162",4162,"a","g",0
"4163",4163,"a","g",0
"4164",4164,"a","g",0
"4165",4165,"a","g",0
"4166",4166,"g","a",0
"4167",4167,"t","c",0
"4168",4168,"c","t",0.272727272727273
"4169",4169,"c","t",0
"4170",4170,"c","t",0
"4171",4171,"a","g",0
"4172",4172,"a","g",0
"4173",4173,"c","t",0
"4174",4174,"a","g",0
"4175",4175,"a","g",0
"4176",4176,"g","a",0
"4177",4177,"a","g",0.025974025974026
"4178",4178,"a","g",0
"4179",4179,"g","a",0
"4180",4180,"a","g",0
"4181",4181,"g","a",0
"4182",4182,"t","c",0
"4183",4183,"t","c",0
"4184",4184,"c","t",0
"4185",4185,"a","g",0
"4186",4186,"g","a",0.012987012987013
"4187",4187,"t","c",0
"4188",4188,"a","g",0
"4189",4189,"c","t",0
"4190",4190,"a","g",0
"4191",4191,"t","c",0
"4192",4192,"a","g",0
"4193",4193,"a","g",0
"4194",4194,"g","a",0
"4195",4195,"a","g",0
"4196",4196,"c","t",0
"4197",4197,"a","g",0
"4198",4198,"a","g",0
"4199",4199,"a","g",0
"4200",4200,"a","g",0
"4201",4201,"c","t",0
"4202",4202,"g","a",0
"4203",4203,"g","a",0
"4204",4204,"a","g",0
"4205",4205,"a","g",0
"4206",4206,"g","a",0
"4207",4207,"c","t",0
"4208",4208,"a","g",0
"4209",4209,"c","t",0
"4210",4210,"a","g",0
"4211",4211,"g","a",0
"4212",4212,"c","t",0
"4213",4213,"a","g",0
"4214",4214,"g","a",0
"4215",4215,"c","t",0
"4216",4216,"c","t",0
"4217",4217,"a","g",0
"4218",4218,"g","a",0
"4219",4219,"c","t",0
"4220",4220,"a","g",0
"4221",4221,"c","t",0
"4222",4222,"a","g",0
"4223",4223,"g","a",0.025974025974026
"4224",4224,"g","a",0
"4225",4225,"c","t",0
"4226",4226,"a","g",0
"4227",4227,"g","a",0
"4228",4228,"a","g",0
"4229",4229,"a","g",0
"4230",4230,"t","c",0
"4231",4231,"t","c",0
"4232",4232,"c","t",0
"4233",4233,"a","g",0
"4234",4234,"g","a",0.025974025974026
"4235",4235,"c","t",0
"4236",4236,"c","t",0
"4237",4237,"a","g",0
"4238",4238,"t","c",0
"4239",4239,"a","g",0
"4240",4240,"c","t",0
"4241",4241,"t","c",0
"4242",4242,"c","t",0
"4243",4243,"a","g",0
"4244",4244,"a","g",0
"4245",4245,"a","g",0
"4246",4246,"a","g",0
"4247",4247,"c","t",0
"4248",4248,"c","t",0
"4249",4249,"a","g",0
"4250",4250,"a","g",0
"4251",4251,"c","t",0
"4252",4252,"a","g",0
"4253",4253,"a","g",0
"4254",4254,"g","a",0
"4255",4255,"c","t",0
"4256",4256,"t","c",0
"4257",4257,"g","a",0
"4258",4258,"g","a",0
"4259",4259,"a","g",0
"4260",4260,"t","c",0
"4261",4261,"g","a",0
"4262",4262,"a","g",0
"4263",4263,"c","t",0
"4264",4264,"a","g",0
"4265",4265,"g","a",0
"4266",4266,"g","a",0
"4267",4267,"a","g",0
"4268",4268,"c","t",0
"4269",4269,"c","t",0.012987012987013
"4270",4270,"t","c",0
"4271",4271,"g","a",0
"4272",4272,"g","a",0
"4273",4273,"c","t",0
"4274",4274,"c","t",0.012987012987013
"4275",4275,"t","c",0
"4276",4276,"g","a",0.012987012987013
"4277",4277,"c","t",0.012987012987013
"4278",4278,"t","c",0
"4279",4279,"c","t",0.038961038961039
"4280",4280,"a","g",0
"4281",4281,"g","a",0
"4282",4282,"t","c",0
"4283",4283,"g","a",0
"4284",4284,"c","t",0
"4285",4285,"a","g",0
"4286",4286,"c","t",0
"4287",4287,"a","g",0
"4288",4288,"a","g",0.25974025974026
"4289",4289,"a","g",0
"4290",4290,"g","a",0
"4291",4291,"a","g",0
"4292",4292,"g","a",0
"4293",4293,"t","c",0
"4294",4294,"a","g",0
"4295",4295,"g","a",0
"4296",4296,"g","a",0
"4297",4297,"a","g",0
"4298",4298,"c","t",0
"4299",4299,"c","t",0
"4300",4300,"a","g",0.012987012987013
"4301",4301,"c","t",0
"4302",4302,"a","g",0
"4303",4303,"g","a",0.025974025974026
"4304",4304,"t","c",0
"4305",4305,"c","t",0
"4306",4306,"a","g",0
"4307",4307,"t","c",0
"4308",4308,"c","t",0
"4309",4309,"a","g",0
"4310",4310,"g","a",0
"4311",4311,"a","g",0
"4312",4312,"c","t",0
"4313",4313,"a","g",0
"4314",4314,"c","t",0
"4315",4315,"t","c",0
"4316",4316,"g","a",0
"4317",4317,"c","t",0
"4318",4318,"t","c",0
"4319",4319,"c","t",0
"4320",4320,"c","t",0
"4321",4321,"a","g",0
"4322",4322,"t","c",0
"4323",4323,"t","c",0
"4324",4324,"c","t",0
"4325",4325,"a","g",0
"4326",4326,"t","c",0
"4327",4327,"g","a",0
"4328",4328,"g","a",0
"4329",4329,"t","c",0
"4330",4330,"t","c",0
"4331",4331,"t","c",0
"4332",4332,"g","a",0
"4333",4333,"c","t",0
"4334",4334,"a","g",0
"4335",4335,"c","t",0
"4336",4336,"t","c",0
"4337",4337,"a","g",0
"4338",4338,"a","g",0
"4339",4339,"c","t",0
"4340",4340,"c","t",0
"4341",4341,"c","t",0
"4342",4342,"a","g",0
"4343",4343,"g","a",0
"4344",4344,"a","g",0
"4345",4345,"a","g",0
"4346",4346,"g","a",0
"4347",4347,"g","a",0
"4348",4348,"a","g",0
"4349",4349,"a","g",0
"4350",4350,"c","t",0
"4351",4351,"a","g",0
"4352",4352,"c","t",0
"4353",4353,"a","g",0
"4354",4354,"c","t",0
"4355",4355,"a","g",0
"4356",4356,"t","c",0
"4357",4357,"a","g",0
"4358",4358,"a","g",0
"4359",4359,"a","g",0
"4360",4360,"c","t",0
"4361",4361,"a","g",0
"4362",4362,"c","t",0
"4363",4363,"a","g",0
"4364",4364,"g","a",0
"4365",4365,"g","a",0
"4366",4366,"t","c",0
"4367",4367,"g","a",0
"4368",4368,"c","t",0
"4369",4369,"t","c",0
"4370",4370,"g","a",0
"4371",4371,"c","t",0
"4372",4372,"a","g",0
"4373",4373,"g","a",0
"4374",4374,"g","a",0
"4375",4375,"a","g",0
"4376",4376,"t","c",0
"4377",4377,"t","c",0
"4378",4378,"t","c",0
"4379",4379,"g","a",0
"4380",4380,"g","a",0
"4381",4381,"a","g",0
"4382",4382,"t","c",0
"4383",4383,"c","t",0
"4384",4384,"t","c",0
"4385",4385,"g","a",0
"4386",4386,"g","a",0
"4387",4387,"c","t",0
"4388",4388,"t","c",0
"4389",4389,"t","c",0
"4390",4390,"t","c",0
"4391",4391,"g","a",0
"4392",4392,"a","g",0
"4393",4393,"t","c",0
"4394",4394,"c","t",0
"4395",4395,"c","t",0
"4396",4396,"t","c",0
"4397",4397,"c","t",0
"4398",4398,"c","t",0
"4399",4399,"a","g",0
"4400",4400,"a","g",0
"4401",4401,"g","a",0
"4402",4402,"c","t",0
"4403",4403,"g","a",0
"4404",4404,"g","a",0
"4405",4405,"a","g",0
"4406",4406,"t","c",0
"4407",4407,"g","a",0
"4408",4408,"t","c",0
"4409",4409,"c","t",0.012987012987013
"4410",4410,"t","c",0
"4411",4411,"g","a",0.012987012987013
"4412",4412,"g","a",0
"4413",4413,"c","t",0
"4414",4414,"a","g",0.012987012987013
"4415",4415,"c","t",0
"4416",4416,"c","t",0
"4417",4417,"a","g",0
"4418",4418,"a","g",0
"4419",4419,"c","t",0
"4420",4420,"t","c",0
"4421",4421,"a","g",0
"4422",4422,"a","g",0.012987012987013
"4423",4423,"c","t",0
"4424",4424,"c","t",0
"4425",4425,"t","c",0
"4426",4426,"a","g",0
"4427",4427,"g","a",0
"4428",4428,"a","g",0
"4429",4429,"a","g",0
"4430",4430,"t","c",0
"4431",4431,"a","g",0
"4432",4432,"c","t",0.012987012987013
"4433",4433,"a","g",0.012987012987013
"4434",4434,"a","g",0
"4435",4435,"a","g",0
"4436",4436,"c","t",0
"4437",4437,"t","c",0
"4438",4438,"t","c",0
"4439",4439,"c","t",0
"4440",4440,"a","g",0
"4441",4441,"g","a",0.168831168831169
"4442",4442,"t","c",0
"4443",4443,"g","a",0
"4444",4444,"g","a",0
"4445",4445,"t","c",0
"4446",4446,"a","g",0
"4447",4447,"c","t",0
"4448",4448,"c","t",0
"4449",4449,"a","g",0
"4450",4450,"g","a",0.012987012987013
"4451",4451,"a","g",0
"4452",4452,"c","t",0
"4453",4453,"a","g",0
"4454",4454,"c","t",0
"4455",4455,"c","t",0
"4456",4456,"a","g",0
"4457",4457,"g","a",0
"4458",4458,"a","g",0
"4459",4459,"a","g",0
"4460",4460,"g","a",0
"4461",4461,"g","a",0
"4462",4462,"a","g",0
"4463",4463,"a","g",0
"4464",4464,"c","t",0
"4465",4465,"a","g",0
"4466",4466,"g","a",0
"4467",4467,"g","a",0
"4468",4468,"a","g",0
"4469",4469,"a","g",0
"4470",4470,"a","g",0
"4471",4471,"t","c",0.012987012987013
"4472",4472,"a","g",0
"4473",4473,"a","g",0
"4474",4474,"t","c",0
"4475",4475,"g","a",0
"4476",4476,"g","a",0
"4477",4477,"a","g",0
"4478",4478,"a","g",0
"4479",4479,"a","g",0
"4480",4480,"c","t",0
"4481",4481,"a","g",0
"4482",4482,"t","c",0
"4483",4483,"a","g",0
"4484",4484,"a","g",0
"4485",4485,"t","c",0
"4486",4486,"t","c",0
"4487",4487,"g","a",0
"4488",4488,"c","t",0
"4489",4489,"a","g",0
"4490",4490,"a","g",0
"4491",4491,"a","g",0
"4492",4492,"c","t",0
"4493",4493,"c","t",0
"4494",4494,"c","t",0
"4495",4495,"a","g",0
"4496",4496,"t","c",0
"4497",4497,"c","t",0
"4498",4498,"a","g",0
"4499",4499,"c","t",0
"4500",4500,"t","c",0
"4501",4501,"c","t",0.012987012987013
"4502",4502,"t","c",0
"4503",4503,"c","t",0
"4504",4504,"a","g",0
"4505",4505,"a","g",0
"4506",4506,"t","c",0
"4507",4507,"g","a",0
"4508",4508,"c","t",0
"4509",4509,"t","c",0
"4510",4510,"t","c",0
"4511",4511,"a","g",0
"4512",4512,"g","a",0
"4513",4513,"a","g",0
"4514",4514,"g","a",0
"4515",4515,"a","g",0
"4516",4516,"c","t",0
"4517",4517,"c","t",0
"4518",4518,"a","g",0
"4519",4519,"a","g",0
"4520",4520,"c","t",0
"4521",4521,"t","c",0
"4522",4522,"c","t",0.012987012987013
"4523",4523,"c","t",0
"4524",4524,"t","c",0
"4525",4525,"a","g",0
"4526",4526,"t","c",0
"4527",4527,"a","g",0
"4528",4528,"c","t",0
"4529",4529,"a","g",0
"4530",4530,"a","g",0
"4531",4531,"a","g",0
"4532",4532,"g","a",0
"4533",4533,"g","a",0
"4534",4534,"a","g",0
"4535",4535,"a","g",0
"4536",4536,"a","g",0
"4537",4537,"c","t",0
"4538",4538,"c","t",0
"4539",4539,"a","g",0
"4540",4540,"g","a",0.0649350649350649
"4541",4541,"a","g",0
"4542",4542,"c","t",0
"4543",4543,"c","t",0
"4544",4544,"a","g",0
"4545",4545,"c","t",0
"4546",4546,"a","g",0
"4547",4547,"t","c",0
"4548",4548,"a","g",0
"4549",4549,"c","t",0
"4550",4550,"a","g",0
"4551",4551,"a","g",0
"4552",4552,"t","c",0.025974025974026
"4553",4553,"c","t",0
"4554",4554,"t","c",0
"4555",4555,"a","g",0
"4556",4556,"g","a",0
"4557",4557,"t","c",0
"4558",4558,"g","a",0.025974025974026
"4559",4559,"g","a",0
"4560",4560,"g","a",0
"4561",4561,"g","a",0.051948051948052
"4562",4562,"g","a",0
"4563",4563,"a","g",0
"4564",4564,"c","t",0
"4565",4565,"a","g",0
"4566",4566,"t","c",0
"4567",4567,"a","g",0
"4568",4568,"t","c",0
"4569",4569,"g","a",0
"4570",4570,"g","a",0
"4571",4571,"a","g",0
"4572",4572,"t","c",0
"4573",4573,"g","a",0
"4574",4574,"t","c",0
"4575",4575,"t","c",0
"4576",4576,"t","c",0
"4577",4577,"c","t",0
"4578",4578,"c","t",0
"4579",4579,"a","g",0
"4580",4580,"a","g",0
"4581",4581,"a","g",0
"4582",4582,"t","c",0
"4583",4583,"c","t",0
"4584",4584,"a","g",0
"4585",4585,"a","g",0
"4586",4586,"g","a",0
"4587",4587,"t","c",0
"4588",4588,"c","t",0
"4589",4589,"t","c",0
"4590",4590,"g","a",0
"4591",4591,"g","a",0
"4592",4592,"g","a",0
"4593",4593,"a","g",0
"4594",4594,"c","t",0
"4595",4595,"a","g",0
"4596",4596,"g","a",0
"4597",4597,"a","g",0
"4598",4598,"t","c",0
"4599",4599,"t","c",0
"4600",4600,"t","c",0
"4601",4601,"c","t",0
"4602",4602,"c","t",0.012987012987013
"4603",4603,"t","c",0
"4604",4604,"a","g",0
"4605",4605,"t","c",0
"4606",4606,"c","t",0
"4607",4607,"a","g",0
"4608",4608,"c","t",0
"4609",4609,"c","t",0
"4610",4610,"a","g",0
"4611",4611,"g","a",0
"4612",4612,"a","g",0
"4613",4613,"g","a",0
"4614",4614,"a","g",0
"4615",4615,"a","g",0
"4616",4616,"a","g",0
"4617",4617,"a","g",0
"4618",4618,"t","c",0
"4619",4619,"c","t",0
"4620",4620,"c","t",0
"4621",4621,"a","g",0
"4622",4622,"a","g",0
"4623",4623,"t","c",0
"4624",4624,"c","t",0.038961038961039
"4625",4625,"t","c",0
"4626",4626,"g","a",0
"4627",4627,"g","a",0
"4628",4628,"t","c",0
"4629",4629,"g","a",0
"4630",4630,"c","t",0
"4631",4631,"a","g",0
"4632",4632,"a","g",0
"4633",4633,"a","g",0
"4634",4634,"a","g",0
"4635",4635,"a","g",0
"4636",4636,"a","g",0
"4637",4637,"c","t",0
"4638",4638,"c","t",0
"4639",4639,"a","g",0
"4640",4640,"a","g",0
"4641",4641,"g","a",0
"4642",4642,"g","a",0.0779220779220779
"4643",4643,"g","a",0
"4644",4644,"c","t",0
"4645",4645,"t","c",0
"4646",4646,"g","a",0
"4647",4647,"a","g",0
"4648",4648,"c","t",0
"4649",4649,"a","g",0
"4650",4650,"a","g",0
"4651",4651,"a","g",0.012987012987013
"4652",4652,"c","t",0
"4653",4653,"a","g",0
"4654",4654,"c","t",0
"4655",4655,"a","g",0
"4656",4656,"c","t",0
"4657",4657,"a","g",0
"4658",4658,"a","g",0
"4659",4659,"t","c",0
"4660",4660,"c","t",0
"4661",4661,"a","g",0
"4662",4662,"t","c",0
"4663",4663,"g","a",0
"4664",4664,"g","a",0
"4665",4665,"a","g",0
"4666",4666,"t","c",0
"4667",4667,"c","t",0
"4668",4668,"c","t",0
"4669",4669,"a","g",0
"4670",4670,"t","c",0
"4671",4671,"t","c",0
"4672",4672,"t","c",0
"4673",4673,"g","a",0
"4674",4674,"a","g",0
"4675",4675,"t","c",0
"4676",4676,"g","a",0
"4677",4677,"g","a",0
"4678",4678,"a","g",0
"4679",4679,"t","c",0
"4680",4680,"c","t",0
"4681",4681,"a","g",0
"4682",4682,"a","g",0
"4683",4683,"t","c",0
"4684",4684,"t","c",0
"4685",4685,"g","a",0
"4686",4686,"c","t",0
"4687",4687,"a","g",0
"4688",4688,"a","g",0
"4689",4689,"t","c",0
"4690",4690,"g","a",0
"4691",4691,"g","a",0
"4692",4692,"a","g",0
"4693",4693,"t","c",0
"4694",4694,"c","t",0
"4695",4695,"a","g",0
"4696",4696,"t","c",0
"4697",4697,"c","t",0
"4698",4698,"c","t",0
"4699",4699,"t","c",0
"4700",4700,"c","t",0
"4701",4701,"c","t",0
"4702",4702,"a","g",0
"4703",4703,"g","a",0
"4704",4704,"g","a",0
"4705",4705,"c","t",0
"4706",4706,"a","g",0
"4707",4707,"c","t",0
"4708",4708,"t","c",0
"4709",4709,"a","g",0
"4710",4710,"t","c",0
"4711",4711,"t","c",0
"4712",4712,"t","c",0
"4713",4713,"t","c",0
"4714",4714,"t","c",0
"4715",4715,"a","g",0
"4716",4716,"t","c",0
"4717",4717,"a","g",0
"4718",4718,"a","g",0
"4719",4719,"a","g",0
"4720",4720,"a","g",0
"4721",4721,"a","g",0
"4722",4722,"t","c",0
"4723",4723,"g","a",0
"4724",4724,"g","a",0
"4725",4725,"c","t",0
"4726",4726,"a","g",0.012987012987013
"4727",4727,"a","g",0
"4728",4728,"a","g",0
"4729",4729,"a","g",0
"4730",4730,"a","g",0
"4731",4731,"t","c",0
"4732",4732,"t","c",0
"4733",4733,"c","t",0
"4734",4734,"c","t",0
"4735",4735,"a","g",0
"4736",4736,"g","a",0
"4737",4737,"t","c",0
"4738",4738,"t","c",0
"4739",4739,"c","t",0
"4740",4740,"c","t",0
"4741",4741,"a","g",0
"4742",4742,"a","g",0
"4743",4743,"c","t",0
"4744",4744,"t","c",0
"4745",4745,"g","a",0
"4746",4746,"c","t",0
"4747",4747,"c","t",0
"4748",4748,"t","c",0
"4749",4749,"c","t",0
"4750",4750,"a","g",0
"4751",4751,"a","g",0
"4752",4752,"a","g",0
"4753",4753,"t","c",0
"4754",4754,"g","a",0
"4755",4755,"c","t",0
"4756",4756,"a","g",0
"4757",4757,"g","a",0
"4758",4758,"a","g",0
"4759",4759,"c","t",0
"4760",4760,"t","c",0
"4761",4761,"c","t",0
"4762",4762,"a","g",0
"4763",4763,"t","c",0
"4764",4764,"a","g",0
"4765",4765,"c","t",0.0909090909090909
"4766",4766,"c","t",0
"4767",4767,"t","c",0
"4768",4768,"a","g",0
"4769",4769,"a","g",0
"4770",4770,"a","g",0
"4771",4771,"c","t",0
"4772",4772,"a","g",0
"4773",4773,"t","c",0
"4774",4774,"a","g",0
"4775",4775,"t","c",0
"4776",4776,"a","g",0
"4777",4777,"c","t",0
"4778",4778,"t","c",0
"4779",4779,"g","a",0
"4780",4780,"t","c",0
"4781",4781,"a","g",0
"4782",4782,"c","t",0
"4783",4783,"t","c",0
"4784",4784,"g","a",0
"4785",4785,"g","a",0
"4786",4786,"a","g",0
"4787",4787,"c","t",0
"4788",4788,"a","g",0
"4789",4789,"a","g",0
"4790",4790,"g","a",0
"4791",4791,"t","c",0
"4792",4792,"c","t",0.038961038961039
"4793",4793,"a","g",0
"4794",4794,"g","a",0
"4795",4795,"c","t",0
"4796",4796,"t","c",0
"4797",4797,"g","a",0
"4798",4798,"t","c",0
"4799",4799,"g","a",0
"4800",4800,"a","g",0
"4801",4801,"a","g",0.0649350649350649
"4802",4802,"a","g",0
"4803",4803,"t","c",0
"4804",4804,"t","c",0
"4805",4805,"g","a",0
"4806",4806,"t","c",0
"4807",4807,"a","g",0
"4808",4808,"t","c",0
"4809",4809,"g","a",0
"4810",4810,"g","a",0
"4811",4811,"g","a",0
"4812",4812,"a","g",0
"4813",4813,"g","a",0.142857142857143
"4814",4814,"g","a",0
"4815",4815,"t","c",0
"4816",4816,"a","g",0
"4817",4817,"g","a",0.012987012987013
"4818",4818,"a","g",0
"4819",4819,"a","g",0
"4820",4820,"a","g",0
"4821",4821,"g","a",0
"4822",4822,"a","g",0
"4823",4823,"t","c",0
"4824",4824,"a","g",0
"4825",4825,"c","t",0
"4826",4826,"g","a",0
"4827",4827,"c","t",0
"4828",4828,"a","g",0
"4829",4829,"a","g",0
"4830",4830,"c","t",0
"4831",4831,"a","g",0
"4832",4832,"a","g",0
"4833",4833,"a","g",0
"4834",4834,"g","a",0
"4835",4835,"a","g",0
"4836",4836,"a","g",0
"4837",4837,"c","t",0
"4838",4838,"t","c",0
"4839",4839,"g","a",0
"4840",4840,"g","a",0
"4841",4841,"c","t",0
"4842",4842,"g","a",0
"4843",4843,"t","c",0
"4844",4844,"c","t",0
"4845",4845,"c","t",0
"4846",4846,"a","g",0
"4847",4847,"g","a",0
"4848",4848,"a","g",0
"4849",4849,"a","g",0
"4850",4850,"a","g",0
"4851",4851,"g","a",0
"4852",4852,"a","g",0
"4853",4853,"a","g",0
"4854",4854,"g","a",0
"4855",4855,"a","g",0
"4856",4856,"c","t",0
"4857",4857,"a","g",0
"4858",4858,"t","c",0
"4859",4859,"a","g",0
"4860",4860,"c","t",0
"4861",4861,"t","c",0
"4862",4862,"g","a",0
"4863",4863,"c","t",0
"4864",4864,"a","g",0
"4865",4865,"c","t",0
"4866",4866,"t","c",0
"4867",4867,"c","t",0.012987012987013
"4868",4868,"g","a",0
"4869",4869,"g","a",0
"4870",4870,"g","a",0.012987012987013
"4871",4871,"a","g",0
"4872",4872,"t","c",0
"4873",4873,"g","a",0
"4874",4874,"t","c",0
"4875",4875,"c","t",0
"4876",4876,"a","g",0
"4877",4877,"c","t",0
"4878",4878,"t","c",0
"4879",4879,"g","a",0.012987012987013
"4880",4880,"g","a",0
"4881",4881,"g","a",0
"4882",4882,"a","g",0
"4883",4883,"g","a",0
"4884",4884,"g","a",0
"4885",4885,"a","g",0
"4886",4886,"g","a",0
"4887",4887,"a","g",0
"4888",4888,"g","a",0.012987012987013
"4889",4889,"a","g",0
"4890",4890,"g","a",0
"4891",4891,"c","t",0
"4892",4892,"a","g",0
"4893",4893,"a","g",0
"4894",4894,"c","t",0
"4895",4895,"t","c",0
"4896",4896,"a","g",0
"4897",4897,"c","t",0
"4898",4898,"a","g",0
"4899",4899,"c","t",0
"4900",4900,"g","a",0
"4901",4901,"c","t",0
"4902",4902,"c","t",0
"4903",4903,"t","c",0
"4904",4904,"a","g",0
"4905",4905,"c","t",0
"4906",4906,"a","g",0
"4907",4907,"t","c",0
"4908",4908,"a","g",0
"4909",4909,"c","t",0
"4910",4910,"c","t",0
"4911",4911,"a","g",0
"4912",4912,"c","t",0
"4913",4913,"g","a",0
"4914",4914,"t","c",0
"4915",4915,"g","a",0
"4916",4916,"g","a",0
"4917",4917,"a","g",0
"4918",4918,"t","c",0
"4919",4919,"c","t",0
"4920",4920,"c","t",0
"4921",4921,"a","g",0
"4922",4922,"a","g",0
"4923",4923,"c","t",0
"4924",4924,"a","g",0
"4925",4925,"g","a",0
"4926",4926,"g","a",0
"4927",4927,"a","g",0
"4928",4928,"g","a",0
"4929",4929,"c","t",0
"4930",4930,"a","g",0
"4931",4931,"t","c",0
"4932",4932,"a","g",0
"4933",4933,"c","t",0
"4934",4934,"a","g",0
"4935",4935,"t","c",0
"4936",4936,"c","t",0.012987012987013
"4937",4937,"c","t",0
"4938",4938,"a","g",0
"4939",4939,"g","a",0
"4940",4940,"c","t",0
"4941",4941,"c","t",0
"4942",4942,"c","t",0
"4943",4943,"a","g",0
"4944",4944,"c","t",0
"4945",4945,"g","a",0.012987012987013
"4946",4946,"t","c",0
"4947",4947,"c","t",0
"4948",4948,"a","g",0
"4949",4949,"t","c",0
"4950",4950,"a","g",0
"4951",4951,"t","c",0
"4952",4952,"g","a",0
"4953",4953,"a","g",0
"4954",4954,"t","c",0
"4955",4955,"c","t",0
"4956",4956,"a","g",0
"4957",4957,"g","a",0.0649350649350649
"4958",4958,"t","c",0
"4959",4959,"g","a",0
"4960",4960,"t","c",0
"4961",4961,"a","g",0
"4962",4962,"t","c",0
"4963",4963,"g","a",0
"4964",4964,"c","t",0
"4965",4965,"c","t",0
"4966",4966,"a","g",0
"4967",4967,"g","a",0
"4968",4968,"t","c",0
"4969",4969,"a","g",0
"4970",4970,"a","g",0
"4971",4971,"a","g",0
"4972",4972,"a","g",0
"4973",4973,"a","g",0
"4974",4974,"c","t",0
"4975",4975,"a","g",0
"4976",4976,"a","g",0
"4977",4977,"a","g",0
"4978",4978,"c","t",0
"4979",4979,"a","g",0
"4980",4980,"t","c",0
"4981",4981,"c","t",0
"4982",4982,"a","g",0
"4983",4983,"a","g",0
"4984",4984,"t","c",0
"4985",4985,"a","g",0
"4986",4986,"a","g",0
"4987",4987,"a","g",0
"4988",4988,"g","a",0
"4989",4989,"t","c",0
"4990",4990,"g","a",0
"4991",4991,"t","c",0
"4992",4992,"t","c",0
"4993",4993,"g","a",0
"4994",4994,"t","c",0
"4995",4995,"a","g",0
"4996",4996,"a","g",0
"4997",4997,"t","c",0
"4998",4998,"c","t",0
"4999",4999,"t","c",0
"5000",5000,"t","c",0.0196078431372549
"5001",5001,"a","g",0
"5002",5002,"t","c",0
"5003",5003,"a","g",0
"5004",5004,"a","g",0
"5005",5005,"g","a",0
"5006",5006,"c","t",0
"5007",5007,"c","t",0
"5008",5008,"t","c",0
"5009",5009,"c","t",0
"5010",5010,"t","c",0
"5011",5011,"t","c",0
"5012",5012,"t","c",0
"5013",5013,"t","c",0
"5014",5014,"t","c",0
"5015",5015,"t","c",0
"5016",5016,"g","a",0
"5017",5017,"c","t",0
"5018",5018,"t","c",0
"5019",5019,"t","c",0
"5020",5020,"c","t",0
"5021",5021,"t","c",0
"5022",5022,"g","a",0
"5023",5023,"c","t",0
"5024",5024,"t","c",0
